dim_0,dim_1,dim_2
2.415687175422675,1.463814080574372,-0.20104619836316484
1.4638140805743733,2.0768444558083607,-0.32682259141573183
-0.20104619836316545,-0.3268225914157316,0.7754649695391381
