dim_0,dim_1,dim_2,dim_3,dim_4,dim_5,dim_6,dim_7
0.3369699569221672,-0.11085864943060064,0.5099251672380858,0.18491701588787038,-0.28046302580261095,0.2722927388622999,-0.2976956738833024,0.020707048349572033
-0.11085864943059637,0.43310060667072153,-0.5701488829918389,-0.21681403282235118,0.275343971059706,-0.3723119749976721,0.14727045924074514,-0.04958835153747325
0.5099251672380827,-0.5701488829918814,4.782826940651963,1.4321924948620428,-2.1234897056738675,2.1631505964980873,-1.933571238621442,-0.08790474420546864
0.18491701588786885,-0.21681403282236564,1.4321924948620306,0.8412151323376442,-0.7615958546047453,0.6923215292023182,-0.655176545409934,-0.02210302176532049
-0.28046302580260696,0.2753439710597232,-2.12348970567384,-0.7615958546047406,1.295683426075283,-1.129818050737395,0.8469519197847397,-0.03274403675777065
0.27229273886229816,-0.3723119749976812,2.163150596498065,0.6923215292023117,-1.1298180507373916,1.5421411630499917,-0.9688078447499356,-0.029472970884050785
-0.2976956738833054,0.14727045924076573,-1.933571238621491,-0.6551765454099556,0.846951919784772,-0.9688078447499581,1.155079384449376,-0.08386280465393504
0.020707048349573088,-0.04958835153747294,-0.08790474420545674,-0.022103021765317404,-0.03274403675777507,-0.029472970884047822,-0.08386280465394082,0.32356267874223527
