dim_0,dim_1,dim_2,dim_3,dim_4
0.9776661473004135,-0.23316137167766854,-1.2186534498046786,-0.39562000255870006,0.9218963555390346
-0.2331613716776695,0.6435424388552393,1.0474129954270277,0.3878104882867218,-0.5374908887436846
-1.2186534498046835,1.0474129954270277,2.9741789921637296,1.0530845663277264,-1.6163923660922497
-0.3956200025586985,0.387810488286721,1.0530845663277228,0.9005791578890155,-0.7807101061248566
0.921896355539038,-0.5374908887436847,-1.6163923660922508,-0.7807101061248596,1.64198242733863
